"","x"
"1","Fri, 20 Feb 2015 23:18:47"
"2","7.com@nanacom.tv"
"3","=?ISO-2022-JP?B?GyRCJCo4XyQkJEskQSRjJHMkSDBCQTQkSj1QMnEkJCRyGyhC?="
"4","☆本日金曜日限定キャンペーン開催中です☆
□礇鵐據璽鵐瓠璽襪鬚干稜Г世気あ♪

●掲示板書き込みで【10pt】GET!!
●毎日ログインでログインボーナス【10pt】GET!!

【メール閲覧・7つの掲示板利用・メンバー検索・プロフィール閲覧】は全て無料でご利用頂けます。

7.comです。
旦那以外の男性と…[写]さん(46歳)からのメールを転送します。

《タイトル》
お互いにちゃんと安全な出会いをしましょう？

☆★☆★━━━━……‥
本文閲覧は無料です□↓
http://nanacom.tv/wds/mail/login.asp?LOGINID=12232455&MID=489430570&PASS=1234
‥……━━━━★☆★☆

【□┰斗廣※ご一読ください】

□瓠璽襪呂覆ぁγ戮譴討い詈麓椒奪垢世韻任呂覆□迷惑メールボックスもご確認下さい。もしくは直接サイトのメールボックスをご確認ください。

□勲竢ぢは不当請求・架空請求【クリック詐欺・強制後払い課金・退会課金】など悪質な行為は一切行なっておりません。7.com以外のコミュニケーションサービスをご利用される場合も、⊃甘燭蠅里覆ね冦繕發箘舛弊禅瓩鬚気譴疹豺腓論簑个某兇蟾泙覆い茲Δ砲潅躇佞世気ぁ

□翰冂困豺腓呂笋蠎茲蠅良囘戞Δ笋蠎茲蠅凌与瑤鮟淑洋犬靴疹紊婆詰覆翰冂困泙垢茲Δ蠅た修珪紊欧泙后

□翰冂困豺腓詫儺鵑筌汽ぅ肇襦璽襪鯢些稜Г掘□必ずご納得頂いた上での利用をお願い申し上げます。又、△翰冂困韻訃豺腓脇碓嫩困い燭發里犯獣任気擦討い燭世泙后


ご不明点ご質問お気軽に問い合わせ下さい。
info@nanacom.tv
□此攫遡篁燹Σ餔苗・ハンドルネーム】を質問メール本文に記載してください□

十十十十十十十十十
姥歳未満利用【禁】
==================
"
"5","data/1424578488.10922_201.ivanova"
